,year,avg_closing_cost
0,2017,975.654382
1,2018,931.785857
2,2019,889.674603
3,2020,952.947628
4,2021,1374.558532
5,2022,1550.662351
6,2023,1506.109375
