,year,avg_closing_cost
0,2017,359.224104
1,2018,368.066265
2,2019,383.387897
3,2020,363.33004
4,2021,581.985119
5,2022,693.885458
6,2023,667.375
