,year,avg_closing_cost
0,2017,73.476255
1,2018,82.145538
2,2019,67.194484
3,2020,64.146285
4,2021,93.63162
5,2022,112.61761
6,2023,84.224706
